order_id,customer_id,product_id,quantity,order_date,total_price,shipping_address
10001,1062,420,11,4/6/2020,2974.55,49 Talmadge Point
10002,1239,164,56,12/18/2020,2801.3,5347 Monica Parkway
10003,1482,147,80,6/20/2022,9791.94,24 Truax Place
10004,1203,356,28,3/11/2020,8989.28,8738 Talisman Circle
10005,1405,202,85,7/30/2021,8042.03,9721 Farwell Hill
10006,1903,215,57,10/12/2022,3091.05,34008 Autumn Leaf Center
10007,1547,395,96,11/19/2022,3161.81,57397 Milwaukee Road
10008,1853,393,16,5/23/2020,2631.3,8 Kingsford Drive
10009,1928,407,17,5/19/2020,5836.37,6834 Carey Avenue
10010,1954,293,87,11/17/2022,5757.95,43154 Shelley Way
10011,1380,207,69,7/26/2020,1616.04,998 Hermina Alley
10012,1074,311,96,2/2/2022,5678.12,3 Eastwood Park
10013,1021,378,96,7/8/2022,1317.61,5055 Lien Hill
10014,1818,409,74,12/18/2021,8215.23,09 Debs Plaza
10015,1960,329,35,5/29/2022,3936.59,419 Brentwood Trail
10016,1594,103,80,5/24/2021,8049.55,8007 Thackeray Hill
10017,1110,109,70,10/7/2021,5947.07,245 Dakota Hill
10018,1446,115,99,6/22/2022,97.63,9214 Grasskamp Junction
10019,1311,403,28,11/7/2022,252.93,26807 Laurel Alley
10020,1830,396,10,9/28/2020,7960.05,0 Oneill Lane
10021,1512,359,38,5/31/2020,4301.14,03 Goodland Road
10022,1479,400,27,2/4/2021,979.96,13 Service Street
10023,1840,179,48,7/9/2020,4268.29,18048 Commercial Parkway
10024,1230,419,19,6/26/2022,2384.92,77396 Manley Lane
10025,1488,404,68,11/5/2022,4461.36,9524 Ryan Junction
10026,1277,409,60,12/9/2021,6542.15,6 Monica Pass
10027,1062,249,44,1/26/2021,6553.69,49 6th Trail
10028,1853,351,22,11/10/2021,5560.89,445 North Center
10029,1889,156,25,7/21/2022,9635.47,33 Mayer Avenue
10030,1167,221,86,12/1/2020,8291.11,10 Tomscot Circle
10031,1119,406,71,4/23/2022,5943.02,641 Hansons Road
10032,1838,273,17,8/7/2022,9341.88,23484 Rusk Road
10033,1122,233,62,1/4/2020,539.16,5 Anhalt Parkway
10034,1520,159,89,4/1/2020,3068.76,6397 Fulton Trail
10035,1830,228,37,9/15/2020,88.88,911 Sunfield Trail
10036,1647,133,31,6/29/2022,801.79,1 Dawn Plaza
10037,1210,209,39,8/30/2020,3187.26,828 Namekagon Avenue
10038,1462,258,35,4/21/2021,4186.79,08390 Havey Pass
10039,1170,197,33,5/14/2020,5849.97,5742 Golf View Point
10040,1391,461,60,1/12/2022,2967.13,4 South Parkway
10041,1244,199,81,1/21/2020,428.14,89 Glendale Court
10042,1909,342,23,3/17/2022,9729.09,87 Iowa Plaza
10043,1044,188,87,5/27/2022,1575.47,8 School Point
10044,1231,181,56,7/27/2020,3680.93,53 Bobwhite Junction
10045,1733,460,44,1/6/2020,5601.84,32 North Lane
10046,1502,141,60,3/22/2022,2345.36,71 Nobel Hill
10047,1606,148,83,8/6/2020,2893.61,2 East Junction
10048,1386,395,87,1/10/2020,5008.69,17405 Ludington Pass
10049,1599,483,60,11/8/2020,4723.37,6711 Stuart Court
10050,1040,250,83,9/13/2021,5238.57,97201 Harbort Hill
10051,1982,278,24,9/7/2022,4394.94,5 Katie Crossing
10052,1818,415,45,10/23/2022,7180.54,7 Farwell Pass
10053,1856,414,4,2/3/2021,7657.73,146 Oak Valley Street
10054,1410,127,12,2/13/2021,2124.19,901 Nevada Point
10055,1705,193,11,9/29/2021,3429.98,32195 Spaight Street
10056,1530,227,72,7/13/2022,4959.08,90 Debs Street
10057,1348,135,23,2/21/2021,9447.53,26249 Marcy Street
10058,1013,155,75,1/30/2021,5022.97,56 Heath Street
10059,1106,285,51,11/28/2021,8063.89,227 Chive Trail
10060,1061,135,12,1/6/2020,6933.04,01792 Express Junction
10061,1589,343,96,7/30/2021,9497.61,2 Holy Cross Road
10062,1548,326,9,6/25/2020,5872.42,163 Kingsford Crossing
10063,1769,137,23,5/1/2022,4964.99,255 Bonner Park
10064,1232,266,5,10/21/2021,181.43,8892 Fallview Plaza
10065,1673,352,64,10/12/2021,7092.05,4856 Judy Pass
10066,1481,470,3,11/14/2022,4435.87,585 Paget Trail
10067,1105,478,93,8/11/2020,5413.92,0 Monument Lane
10068,1543,307,9,7/6/2022,7421.02,5300 Troy Court
10069,1670,384,80,1/2/2021,9740.62,390 Del Sol Road
10070,1062,165,9,3/3/2020,7918.31,9 Hallows Circle
10071,1239,133,44,12/11/2022,3972.66,63 2nd Circle
10072,1482,203,38,12/30/2020,1124.51,67 8th Junction
10073,1203,473,97,4/10/2021,7443.72,66 Moose Plaza
10074,1405,176,80,6/26/2020,7998.99,69325 Farragut Trail
10075,1903,348,62,9/7/2020,8729.93,234 Nevada Pass
10076,1547,271,36,11/11/2021,4488.9,1875 Welch Pass
10077,1632,364,88,2/12/2021,4387.32,769 Oakridge Way
10078,1344,310,71,12/6/2022,2854.14,081 Bobwhite Lane
10079,1812,388,18,7/5/2020,5290.08,6 Delaware Center
10080,1399,406,48,2/26/2022,3763.69,366 Mallard Hill
10081,1935,412,97,5/9/2022,400.18,60674 Declaration Terrace
10082,1965,391,18,7/15/2022,6409.4,72122 Karstens Plaza
10083,1903,347,88,11/7/2020,6328.52,975 Sugar Park
10084,1749,274,38,1/2/2020,953.67,1898 Stoughton Parkway
10085,1961,477,6,5/15/2022,3420.41,5651 Annamark Drive
10086,1894,132,79,11/27/2020,1597.15,09763 Delladonna Avenue
10087,1506,117,2,11/8/2022,1299.65,7814 Steensland Crossing
10088,1447,309,89,12/22/2022,9989.87,3 Rutledge Hill
10089,1391,171,61,11/14/2020,5316.15,0 Ridgeview Drive
10090,1786,349,12,12/28/2022,1268.98,4 Talisman Court
10091,1119,114,4,12/10/2021,4265.53,3 Sutherland Pass
10092,1137,297,32,1/12/2020,8311.23,36 Onsgard Court
10093,1494,175,42,12/9/2020,8965.88,09 Walton Park
10094,1812,388,66,7/21/2021,5981.92,41791 Tennyson Alley
10095,1409,267,93,3/20/2021,3603.51,4 Marquette Alley
10096,1119,494,52,4/1/2020,6583.19,8921 Pleasure Drive
10097,1411,271,14,10/16/2021,8972.92,3 Grover Circle
10098,1990,304,28,12/29/2021,2342.37,698 Luster Center
10099,1647,187,56,7/2/2020,7706.1,26 Norway Maple Park
10100,1811,129,3,6/4/2021,6815.58,422 Express Pass
10101,1632,492,64,9/21/2021,3388.22,4 Lighthouse Bay Point
10102,1864,328,63,7/21/2021,8088.76,133 1st Drive
10103,1292,117,51,3/7/2020,6065.92,79195 Charing Cross Way
10104,1520,401,15,8/9/2022,4204.44,4 Forest Trail
10105,1809,407,94,6/13/2020,8848.41,8461 Continental Trail
10106,1653,469,37,2/9/2020,3531.68,65464 Helena Pass
10107,1938,230,46,1/13/2020,7421.25,3868 Helena Park
10108,1846,386,52,3/8/2021,5942.77,5132 Sage Parkway
10109,1679,404,53,11/25/2020,1737.07,8 Eagle Crest Junction
10110,1566,274,91,6/16/2020,8168.94,39414 Merchant Avenue
10111,1054,239,100,4/30/2022,5109.07,361 Swallow Parkway
10112,1907,133,28,10/30/2021,2466.32,48478 Pierstorff Plaza
10113,1485,382,31,3/3/2021,8309.7,4064 Oxford Street
10114,1656,125,23,7/27/2021,8789.26,1 Garrison Park
10115,1772,350,62,2/19/2021,3234.29,9 Judy Alley
10116,1346,419,2,2/24/2020,9369.91,9368 Pleasure Parkway
10117,1633,376,84,8/18/2020,5462.06,36956 Summer Ridge Pass
10118,1729,447,97,6/21/2022,7089.71,18937 Summerview Point
10119,1592,406,68,6/20/2020,5151.93,2391 Muir Hill
10120,1521,494,91,8/20/2021,5061.68,50 Michigan Park
10121,1851,272,100,8/21/2021,9715.55,7774 Hazelcrest Parkway
10122,1102,259,39,11/14/2020,3488.18,067 Dryden Street
10123,1113,338,83,6/23/2021,9191.68,5 Gale Lane
10124,1204,380,47,7/25/2022,37.13,53 Namekagon Place
10125,1227,188,41,9/17/2021,5713,0 Farmco Alley
10126,1725,148,45,1/3/2022,1044.44,3 Sutteridge Terrace
10127,1519,432,50,6/29/2021,6349.39,69 Messerschmidt Plaza
10128,1368,247,36,1/16/2021,8598.49,02173 Memorial Hill
10129,1979,222,44,4/30/2022,1356.65,149 Northview Point
10130,1873,125,20,3/30/2022,7787.89,903 Crownhardt Way
10131,1520,328,21,7/7/2022,2481.6,93 Stephen Park
10132,1556,250,66,9/15/2021,4418.06,29233 Melvin Parkway
10133,1184,212,69,8/31/2021,9694,6670 Vahlen Crossing
10134,1206,110,29,12/20/2020,2854.9,48210 Kensington Lane
10135,1329,167,10,5/31/2020,8269.57,69458 Rieder Pass
10136,1406,360,11,8/15/2022,4067.29,4 Superior Place
10137,1708,313,55,6/16/2022,5770.9,7 Golf View Terrace
10138,1245,255,73,11/15/2020,4176.87,42 Aberg Junction
10139,1364,464,28,9/6/2021,2318.01,50621 Pond Point
10140,1423,359,22,7/20/2020,8198.76,48 Melrose Plaza
10141,1208,414,77,12/5/2022,5589.15,81827 Menomonie Circle
10142,1159,109,86,2/15/2021,5557.48,7 Becker Pass
10143,1134,469,29,12/26/2020,5483.42,4384 Blackbird Pass
10144,1680,423,40,1/21/2022,5728.01,4689 Lakeland Road
10145,1984,417,36,1/2/2020,8553,2 Dovetail Alley
10146,1041,440,81,9/3/2020,2841.45,68 Vera Terrace
10147,1062,423,99,10/9/2021,948.37,734 Acker Park
10148,1239,254,68,4/19/2021,6061.92,403 Corscot Road
10149,1482,147,81,10/8/2021,1479.62,5353 Mcguire Lane
10150,1203,330,10,10/2/2021,3426.51,55 Dapin Junction
10151,1405,112,83,3/14/2021,5223.71,9823 Utah Avenue
10152,1903,473,18,6/6/2022,9845.66,39 Lindbergh Crossing
10153,1547,408,35,12/26/2020,2851.2,21731 Montana Point
10154,1010,493,56,2/21/2022,8270.3,2749 Heath Road
10155,1725,218,77,11/15/2022,8322.39,85956 Washington Point
10156,1062,164,20,7/22/2021,4363.84,46086 Rockefeller Pass
10157,1157,136,2,3/22/2020,5686.74,03 Sunnyside Road
10158,1780,454,41,6/18/2021,6576.32,5 Tennessee Parkway
10159,1529,440,76,12/28/2022,3621.58,365 6th Trail
10160,1856,197,40,9/12/2022,6581.14,6 Roxbury Parkway
10161,1649,208,93,11/28/2022,1123.6,0510 Shopko Hill
10162,1254,444,84,12/8/2022,8805.32,8429 Northwestern Plaza
10163,1085,319,30,9/22/2022,3414.06,2 Waubesa Junction
10164,1928,478,93,10/30/2022,2091.12,0507 Hayes Hill
10165,1048,349,77,7/15/2020,8835.25,93788 Pleasure Lane
10166,1618,273,57,4/20/2021,9571.59,86195 Goodland Pass
10167,1364,230,92,2/22/2022,6028.27,1290 Florence Point
10168,1886,471,56,7/21/2022,5335.97,48316 Rieder Plaza
10169,1647,300,2,5/29/2020,7075.48,14929 Southridge Street
10170,1483,108,12,3/16/2020,4118.68,5 Harbort Plaza
10171,1687,166,12,12/24/2020,9608.86,400 Gateway Plaza
10172,1360,304,88,6/12/2020,2124.11,9181 Havey Alley
10173,1934,266,100,12/3/2022,8441.86,98638 Hanson Drive
10174,1033,300,47,1/15/2022,6571.75,753 Dryden Way
10175,1627,205,72,4/21/2022,5470.81,417 Harbort Pass
10176,1998,123,56,5/27/2021,2841.99,821 Starling Hill
10177,1348,252,51,11/24/2022,5312.05,3302 Vahlen Plaza
10178,1645,278,29,6/30/2021,3452.34,1261 Browning Crossing
10179,1931,476,43,6/30/2020,1740.69,602 Haas Center
10180,1836,352,72,7/13/2021,6391.29,14 Forest Avenue
10181,1306,494,46,12/20/2020,240.26,40 Namekagon Drive
10182,1813,480,69,11/29/2021,3295.93,31316 Lotheville Junction
10183,1507,248,42,2/1/2021,5636.43,0 Northwestern Way
10184,1271,194,79,2/14/2021,5517.84,9481 Wayridge Drive
10185,1078,278,52,10/25/2020,7982.2,31 Schurz Court
10186,1181,209,98,7/23/2021,5772.05,7581 Spenser Way
10187,1925,378,93,10/18/2021,7572.39,854 Katie Street
10188,1196,412,3,3/4/2021,1419.95,58 Burning Wood Point
10189,1866,172,45,9/25/2022,6108.79,35 Lighthouse Bay Terrace
10190,1032,135,99,1/4/2020,8052.94,1431 Helena Circle
10191,1062,380,59,5/25/2022,8634.29,81 Old Gate Road
10192,1950,192,54,5/7/2022,9468.07,6660 Mockingbird Alley
10193,1177,415,95,1/2/2021,2583.7,2 Fair Oaks Crossing
10194,1779,295,74,1/24/2021,7233.53,65 Hollow Ridge Avenue
10195,1857,437,33,3/14/2022,3937.71,834 Moland Avenue
10196,1025,228,93,2/12/2021,6921.52,71 Surrey Plaza
10197,1704,148,58,3/14/2021,1351.57,0 Esker Point
10198,1866,198,29,9/29/2020,3347.49,164 Chinook Hill
10199,1823,253,44,2/14/2020,4488.69,758 Portage Crossing
10200,1307,269,34,10/26/2020,5859.35,85562 Almo Place
10201,1094,360,4,10/24/2020,9401.04,51456 Becker Pass
10202,1779,330,85,9/5/2020,7053.57,62055 Oriole Terrace
10203,1054,306,32,9/28/2022,9147.41,12108 Bayside Place
10204,1879,344,26,8/4/2022,5683.86,05828 Eastlawn Trail
10205,1395,255,49,2/9/2020,585.95,02 Redwing Alley
10206,1446,166,97,9/17/2020,2524.57,329 Atwood Trail
10207,1012,223,75,8/8/2022,7314.61,98 Sugar Alley
10208,1256,378,63,6/24/2022,3481.24,049 Warrior Drive
10209,1052,404,46,2/6/2022,1366.54,12340 Nancy Lane
10210,1951,420,80,12/16/2022,1246.62,56894 Clarendon Avenue
10211,1310,318,83,3/28/2022,6462.51,0 Toban Lane
10212,1687,341,74,6/22/2022,8685.3,052 Hagan Terrace
10213,1379,132,15,2/24/2021,6994.45,29760 Fordem Junction
10214,1024,297,9,1/3/2022,8963.44,41 Dexter Circle
10215,1878,483,71,7/9/2020,8872.46,7 Burning Wood Lane
10216,1123,327,85,8/22/2022,3182.23,99 Messerschmidt Junction
10217,1103,473,18,2/20/2020,854.81,89849 Anhalt Park
10218,1978,395,18,10/17/2021,6886.39,4 Continental Point
10219,1709,214,61,2/4/2021,5947.46,517 Lerdahl Drive
10220,1322,362,67,5/3/2022,9635.39,400 Stone Corner Alley
10221,1492,129,39,5/1/2021,1817.7,9119 Kenwood Point
10222,1099,287,85,7/9/2020,3693.59,01266 Elgar Terrace
10223,1574,500,6,12/9/2020,5758.99,115 Orin Plaza
10224,1602,289,75,3/13/2022,1178.23,3573 Old Gate Plaza
10225,1365,266,24,3/27/2020,4246.11,3360 Hauk Drive
10226,1625,408,86,8/29/2020,520.17,5 Moulton Avenue
10227,1362,393,21,6/18/2020,6406.31,5 Fremont Way
10228,1517,349,8,3/19/2020,8856.84,883 Superior Junction
10229,1082,332,24,10/19/2021,9818.47,00124 Hazelcrest Avenue
10230,1406,367,71,2/8/2021,8106.59,113 Sunnyside Hill
10231,1365,422,53,3/9/2021,8152.86,02 Vidon Road
10232,1068,130,27,3/29/2022,79.86,2358 Pawling Hill
10233,1062,120,80,11/12/2021,5765.07,5 North Center
10234,1344,285,3,10/18/2020,7209.43,34 Heath Park
10235,1118,346,96,9/30/2020,5736.19,605 Springs Court
10236,1649,368,50,10/8/2021,5799.83,5968 Chinook Terrace
10237,1961,222,68,6/17/2021,730.35,035 Comanche Center
10238,1360,302,95,7/15/2021,6238.77,05480 Hagan Alley
10239,1507,124,27,5/24/2022,3367.87,22 Pawling Road
10240,1091,181,55,12/10/2021,8058.15,55291 Debs Terrace
10241,1947,213,8,7/23/2021,1218.71,76840 Huxley Alley
10242,1975,283,72,6/10/2022,8536.95,297 Northport Court
10243,1100,344,38,10/14/2020,4477.2,62469 Fairview Road
10244,1159,279,39,4/3/2021,8539.83,5 Dapin Street
10245,1479,491,92,5/8/2022,8845.62,3 Bartelt Way
10246,1755,392,41,7/2/2021,1236.26,8019 Kipling Street
10247,1293,228,92,12/31/2021,2526.93,7 Clemons Center
10248,1304,159,81,1/18/2020,4443.52,6 Glacier Hill Street
10249,1589,215,27,8/11/2021,3081.81,960 Center Place
10250,1841,447,53,1/11/2021,6089.64,378 Springs Junction
10251,1389,185,25,3/14/2022,5150.18,8802 Emmet Junction
10252,1372,454,47,3/3/2022,2552.56,60924 Delaware Place
10253,1175,203,97,9/3/2020,6493.91,7361 Continental Hill
10254,1028,498,63,1/30/2020,7692.42,396 Rigney Way
10255,1708,499,46,5/4/2021,5062.08,61 Londonderry Crossing
10256,1330,388,71,2/25/2020,2406.39,9963 Sloan Alley
10257,1053,234,92,10/6/2022,527.57,23221 Carey Street
10258,1170,370,53,11/12/2020,7959.65,4 Autumn Leaf Plaza
10259,1216,347,10,11/2/2021,5981.09,28611 Cascade Crossing
10260,1372,161,84,3/16/2022,3245.41,555 Bartelt Pass
10261,1527,483,58,2/5/2020,4451.58,927 Becker Drive
10262,1877,492,39,5/5/2022,5968.1,640 Roth Junction
10263,1552,494,66,8/26/2020,3275.77,20305 West Way
10264,1546,408,75,3/30/2020,1814.08,12 Rowland Trail
10265,1525,197,3,12/3/2021,1685.17,43218 Arizona Terrace
10266,1647,342,44,1/8/2022,8225.94,69 Mcbride Trail
10267,1233,241,18,6/18/2020,6669.38,52117 Rusk Junction
10268,1733,423,93,3/22/2022,2955.63,51413 Hollow Ridge Place
10269,1231,158,76,2/25/2022,5836.16,36363 Banding Crossing
10270,1923,416,40,4/9/2021,4030.56,633 Toban Way
10271,1775,489,29,6/2/2021,1696.89,001 Spaight Plaza
10272,1939,226,29,10/3/2022,1720.8,392 Carpenter Street
10273,1187,220,60,6/18/2021,49.54,9815 Paget Place
10274,1531,182,40,5/8/2020,4791.81,515 Del Mar Place
10275,1792,397,94,3/2/2022,6297.46,5867 Delladonna Plaza
10276,1188,192,88,3/2/2020,2114.11,3 Meadow Valley Street
10277,1999,335,63,11/7/2022,8779.44,94 Clarendon Place
10278,1233,123,33,5/23/2020,9134.67,55 Lerdahl Pass
10279,1122,431,30,6/13/2021,9020.13,6 Laurel Alley
10280,1222,145,91,4/22/2020,1099.81,0 Claremont Court
10281,1024,440,60,2/14/2021,2164.61,33 Chive Parkway
10282,1253,374,21,5/23/2021,8779.98,7 Straubel Junction
10283,1136,300,46,5/25/2020,9120.2,25457 Moland Lane
10284,1717,137,80,9/24/2022,6083.47,71513 Grasskamp Place
10285,1209,233,97,2/26/2022,1642,8491 Sunnyside Drive
10286,1013,306,95,6/1/2022,6434.36,190 Moulton Road
10287,1972,431,60,9/8/2021,9262.94,05805 Kennedy Circle
10288,1262,268,36,11/6/2021,7420.04,36 6th Pass
10289,1715,314,97,6/1/2020,595.63,926 Graceland Circle
10290,1168,357,64,9/24/2020,4788.3,51870 Linden Alley
10291,1162,360,29,8/17/2022,4702.02,5072 Monterey Street
10292,1411,200,38,2/12/2021,7701.27,89 Everett Lane
10293,1805,275,30,12/13/2022,7770.61,84381 Westend Court
10294,1952,208,15,12/31/2021,9530.96,5 Spenser Crossing
10295,1226,444,48,8/13/2020,7897.24,53492 Sheridan Place
10296,1621,148,72,11/16/2020,4921.76,616 Brentwood Park
10297,1269,259,87,4/3/2020,9343.49,3 Moland Road
10298,1781,178,42,8/2/2022,3081.65,94474 Mariners Cove Avenue
10299,1894,327,94,4/1/2021,1200.53,8170 Loftsgordon Street
10300,1213,449,47,3/27/2021,4410.22,0 Jenifer Circle
10301,1315,227,85,11/16/2021,5111.16,72 Spenser Street
10302,1932,309,81,10/2/2021,9670.89,8077 Bunker Hill Place
10303,1198,383,68,10/8/2022,7852.44,0930 Longview Alley
10304,1441,302,66,6/1/2022,316.63,7399 Green Ridge Lane
10305,1023,218,58,8/18/2022,9592.94,933 Loomis Parkway
10306,1571,463,26,10/5/2020,7369.99,813 Gateway Circle
10307,1666,204,87,4/23/2022,1820.63,8344 Lotheville Street
10308,1859,110,79,7/9/2022,6528.53,95330 Westridge Crossing
10309,1148,413,95,7/3/2020,7334.58,3649 Blaine Street
10310,1889,449,5,7/17/2020,3134.75,400 Autumn Leaf Terrace
10311,1740,460,36,8/15/2021,9980.64,3 Debs Terrace
10312,1415,240,26,11/14/2022,7355.65,2 Jay Alley
10313,1959,270,15,9/22/2021,5681.42,11199 Killdeer Circle
10314,1578,150,42,10/6/2020,4551.08,35 Swallow Terrace
10315,1523,430,42,11/8/2020,7356.21,3 Claremont Center
10316,1196,124,18,12/28/2022,6468.96,8 Iowa Place
10317,1007,294,93,4/25/2020,1373.61,49 Orin Park
10318,1480,139,42,6/13/2020,3503.39,6914 Moose Center
10319,1415,319,30,1/1/2021,8499.08,59 Florence Trail
10320,1327,487,92,2/17/2020,8446.84,0068 Wayridge Avenue
10321,1514,301,23,10/6/2020,9524.07,93705 La Follette Street
10322,1552,383,32,2/23/2020,7027.79,22 Mallard Drive
10323,1441,425,59,4/29/2021,8330.24,1 Elka Street
10324,1342,274,6,7/25/2022,5346,33610 Rowland Drive
10325,1466,220,52,3/20/2020,4409.77,44119 Saint Paul Hill
10326,1263,350,92,6/20/2021,2763.6,1946 Oxford Park
10327,1500,221,62,3/1/2021,8268.36,0834 Warbler Plaza
10328,1750,216,13,11/15/2021,9354.64,068 Pleasure Street
10329,1704,342,30,8/9/2020,9881.08,83652 Harper Point
10330,1077,132,98,9/2/2021,8406.34,115 Superior Circle
10331,1916,177,68,3/28/2022,7513.49,001 Susan Junction
10332,1650,317,29,2/5/2022,2192.33,6 New Castle Crossing
10333,1278,287,46,5/9/2021,7104.14,4732 Pierstorff Trail
10334,1890,432,11,8/10/2021,3159.32,589 Brickson Park Way
10335,1780,266,49,5/29/2020,1582.89,23 Warbler Lane
10336,1664,420,28,8/19/2020,6208.45,41840 Thompson Place
10337,1098,154,91,1/9/2020,9151.28,515 Vermont Park
10338,1869,228,73,6/14/2022,5219.65,3 Clyde Gallagher Trail
10339,1974,123,61,5/19/2022,908.92,6 Beilfuss Pass
10340,1427,450,93,3/13/2021,4236.11,9 Cardinal Center
10341,1415,339,31,2/29/2020,3247.27,4 Glendale Center
10342,1045,430,9,8/28/2020,6203.9,6 Fairfield Road
10343,1139,291,74,10/8/2021,580.03,6 Acker Court
10344,1184,281,25,12/8/2020,353.17,29 Bartelt Parkway
10345,1148,355,78,12/2/2020,850.63,78547 Northfield Junction
10346,1441,345,81,9/22/2021,3763.68,705 Stephen Alley
10347,1023,212,21,1/13/2021,887.55,51758 Granby Pass
10348,1571,338,53,3/1/2020,8600.85,81454 Northwestern Street
10349,1666,132,73,9/7/2021,89.23,10 Sutherland Plaza
10350,1111,352,50,11/22/2022,338.41,2263 Maple Plaza
10351,1763,274,58,2/24/2022,2544.56,9 Rutledge Place
10352,1851,265,25,5/25/2020,335.62,71322 Vahlen Court
10353,1727,404,15,7/6/2022,6804.43,18060 Algoma Plaza
10354,1769,156,17,3/7/2022,8408.2,96406 Mitchell Center
10355,1753,449,72,12/13/2021,6869.54,984 New Castle Way
10356,1966,295,29,4/30/2021,6561.62,5329 Anthes Court
10357,1071,372,2,6/11/2021,3555.85,39404 Johnson Lane
10358,1441,236,60,12/5/2022,4025.8,05379 Cottonwood Circle
10359,1023,153,75,4/17/2020,755.2,11 Sommers Trail
10360,1571,456,56,10/26/2021,4677.03,709 Maywood Circle
10361,1666,313,96,2/22/2022,6429.58,63 Stang Lane
10362,1573,309,56,7/19/2022,9339.44,3 Twin Pines Place
10363,1181,441,63,9/8/2020,6229.83,00748 Hudson Lane
10364,1229,277,58,7/22/2022,5521.82,217 Dexter Pass
10365,1154,371,47,2/26/2020,5472.09,58618 Lotheville Avenue
10366,1709,255,72,12/31/2020,9015.36,33 Service Circle
10367,1925,486,90,1/7/2022,4382.61,4 Ilene Crossing
10368,1721,164,23,6/24/2021,8081.77,9 New Castle Lane
10369,1787,345,56,9/28/2022,2107.2,9879 Canary Road
10370,1118,319,74,8/16/2020,4352.32,9385 North Lane
10371,1428,332,58,10/13/2021,3691.46,348 Kensington Drive
10372,1181,494,6,10/19/2022,2234.47,34 Monument Pass
10373,1520,442,11,7/1/2022,1301.02,331 Dovetail Way
10374,1711,201,3,1/20/2022,5935.94,1745 Buena Vista Street
10375,1765,102,72,4/10/2020,7729.17,9 Morning Avenue
10376,1993,117,84,11/15/2020,9410.42,5857 Thompson Plaza
10377,1367,204,2,5/11/2021,748.25,491 Susan Hill
10378,1541,197,66,8/28/2020,4976.47,69894 Packers Trail
10379,1627,341,48,8/23/2021,9136.03,516 Superior Point
10380,1538,122,46,7/19/2022,7800.52,31 Thompson Place
10381,1964,402,50,9/27/2022,8927.47,57362 Cottonwood Pass
10382,1322,188,90,6/16/2021,5332.13,20829 Sloan Plaza
10383,1783,165,26,11/30/2022,3072.59,562 Towne Center
10384,1975,162,71,12/2/2020,6241.03,246 Saint Paul Alley
10385,1592,178,75,3/4/2020,9956.43,0093 Elmside Parkway
10386,1208,396,57,10/5/2021,1433.68,404 Valley Edge Plaza
10387,1283,444,87,7/15/2020,6910.9,4 Vidon Street
10388,1808,309,11,6/27/2021,4418.34,692 Birchwood Junction
10389,1397,126,36,3/22/2021,7264,03497 Orin Road
10390,1893,320,18,10/29/2020,7564.56,52 Fair Oaks Plaza
10391,1004,407,8,9/17/2021,1426.03,27806 Heffernan Park
10392,1658,235,31,12/6/2022,9621.96,2905 Hollow Ridge Plaza
10393,1941,154,76,4/8/2021,6738.06,101 Oriole Center
10394,1450,434,50,4/8/2020,2248.79,2114 Nancy Avenue
10395,1093,395,77,1/23/2022,222.9,0 Morningstar Junction
10396,1375,134,33,10/22/2022,5464.85,84018 Melvin Parkway
10397,1873,387,40,8/26/2020,4742.36,241 Longview Point
10398,1659,169,34,11/24/2020,208.96,7178 Meadow Valley Park
10399,1441,392,91,11/23/2021,9033.51,5 Vidon Way
10400,1023,322,6,11/15/2020,7952.21,3 Chive Crossing
10401,1571,479,94,8/18/2021,8320.33,245 Loeprich Street
10402,1666,474,25,12/14/2020,1649.88,7 Summerview Place
10403,1285,190,65,12/24/2022,2368.3,50 Quincy Drive
10404,1032,256,19,1/14/2022,1065.62,38176 Hallows Center
10405,1828,488,8,2/27/2022,4296.32,49648 Summer Ridge Pass
10406,1135,467,25,1/30/2022,9283.07,55 Homewood Crossing
10407,1551,217,77,12/11/2022,1011.12,5 Pearson Parkway
10408,1469,148,48,6/23/2020,4624.8,5 Mccormick Pass
10409,1220,181,7,1/11/2020,1665.98,396 Stone Corner Circle
10410,1492,465,21,9/23/2020,2887.82,22 West Parkway
10411,1770,497,22,8/24/2022,3898,0377 Spohn Parkway
10412,1629,429,57,12/29/2021,2694.75,85 Lunder Way
10413,1348,148,78,8/21/2021,5184.68,45 Bashford Way
10414,1434,139,97,5/1/2022,1473.37,60563 Mcbride Trail
10415,1004,382,26,9/9/2021,2803.65,3690 7th Street
10416,1165,490,100,11/9/2022,92.21,77 Oakridge Street
10417,1708,290,32,9/18/2020,775.04,2 Elmside Center
10418,1725,357,47,12/21/2021,465.82,0306 Shelley Court
10419,1351,185,5,1/19/2022,7761.81,89460 Drewry Avenue
10420,1409,140,8,2/13/2020,6759.27,776 Lighthouse Bay Center
10421,1952,449,24,4/20/2020,1028.18,4 New Castle Court
10422,1107,254,95,4/19/2022,5998.32,7538 Orin Hill
10423,1863,440,52,9/29/2020,5667.91,9 Eggendart Center
10424,1069,278,79,11/17/2021,9202.04,9 Butternut Junction
10425,1878,228,16,12/19/2021,3651.26,926 Michigan Way
10426,1725,466,85,2/5/2022,3146.2,19 Troy Point
10427,1837,222,100,4/18/2020,4060.33,8910 Hoffman Center
10428,1117,192,51,1/20/2021,2002.63,343 Monterey Way
10429,1065,494,23,8/16/2021,9959.4,84119 Coolidge Junction
10430,1380,113,41,4/23/2021,3749.11,22266 Kings Avenue
10431,1308,311,28,10/11/2021,6383.21,95885 Farwell Junction
10432,1652,262,55,8/28/2020,8553.39,7115 Crest Line Court
10433,1546,459,58,5/29/2021,6366.89,74911 Ridge Oak Plaza
10434,1315,306,76,7/4/2022,5417.05,2 Parkside Street
10435,1314,498,69,2/14/2021,1067.5,4 Pond Street
10436,1619,439,56,4/2/2020,7740.14,19111 Bonner Terrace
10437,1723,449,4,9/24/2020,3614.87,9220 Sachs Parkway
10438,1110,332,12,11/3/2021,590.74,2234 Maryland Parkway
10439,1669,363,98,7/18/2021,5319.9,3016 Harper Drive
10440,1345,403,14,1/24/2020,7836.56,3 Iowa Parkway
10441,1548,308,31,12/20/2022,4678.66,900 Bayside Circle
10442,1772,124,74,3/26/2020,9408.77,5980 7th Center
10443,1344,386,95,12/20/2020,739.59,2 Pond Crossing
10444,1399,413,69,10/23/2022,9900.03,4179 Lakeland Place
10445,1915,268,82,3/4/2020,6075.29,75930 Glendale Pass
10446,1370,454,91,6/24/2021,3367.5,7973 Dexter Circle
10447,1589,243,8,8/9/2022,5130.63,24966 Norway Maple Place
10448,1276,397,41,7/26/2020,3559.58,3 Carioca Terrace
10449,1879,119,62,1/26/2021,8115.3,8 International Hill
10450,1272,194,20,1/30/2020,7399.84,3100 Michigan Place
10451,1757,259,4,2/16/2020,3702.36,432 Dayton Lane
10452,1929,149,76,12/29/2020,6362.02,17061 Toban Park
10453,1716,306,37,1/16/2022,6093.62,398 Eagan Center
10454,1095,358,81,8/3/2021,6674.71,61036 Green Trail
10455,1005,460,75,3/26/2021,9738.34,4188 Portage Place
10456,1425,334,66,10/9/2020,9253.4,675 Twin Pines Avenue
10457,1766,302,89,7/4/2022,8838.16,20034 Annamark Alley
10458,1084,130,14,4/18/2020,6559.77,0325 Sachs Plaza
10459,1508,310,51,11/1/2021,2488.32,2 Cascade Plaza
10460,1201,129,64,2/4/2021,6343.72,211 Arrowood Park
10461,1956,321,91,12/18/2021,894.17,52255 Farwell Center
10462,1088,445,10,9/30/2020,8366.93,2 Ridge Oak Trail
10463,1022,359,42,1/4/2022,8491.74,107 Briar Crest Road
10464,1277,402,67,9/21/2022,9890.88,5130 Vidon Drive
10465,1159,409,71,2/1/2021,9207.64,974 Summer Ridge Park
10466,1154,205,19,5/19/2020,4848.04,174 Mallard Street
10467,1560,335,95,11/25/2020,8975.45,37 Farmco Alley
10468,1995,442,52,12/2/2022,7727.19,284 Clarendon Terrace
10469,1120,461,62,5/13/2022,5633.23,57052 Susan Avenue
10470,1909,455,89,7/12/2021,6236.62,5 Utah Street
10471,1201,473,20,4/8/2021,7335.72,979 Moulton Crossing
10472,1970,129,28,5/1/2022,6945.31,2551 Quincy Hill
10473,1181,421,30,1/10/2022,7570.57,1406 Pawling Road
10474,1727,351,44,1/16/2020,309.67,8 Hermina Trail
10475,1562,396,90,12/24/2021,2795.59,451 Bashford Point
10476,1654,359,16,2/25/2022,2426.64,9 Sage Hill
10477,1433,131,21,4/3/2020,7995.75,4 Jackson Lane
10478,1994,375,64,1/12/2021,1078.58,25144 Cardinal Park
10479,1851,408,84,11/20/2020,5666.13,87 Ilene Parkway
10480,1346,260,28,2/27/2020,8602.27,9 Toban Terrace
10481,1529,379,19,5/12/2020,7613.73,7426 Messerschmidt Road
10482,1641,125,72,4/30/2020,2316,8 Golf View Way
10483,1192,105,57,8/7/2020,2492.36,9 Iowa Park
10484,1600,410,100,3/14/2021,9363.66,573 Huxley Circle
10485,1343,157,37,11/13/2021,3237.68,6722 Judy Plaza
10486,1178,207,80,12/11/2021,6101.36,79 Nevada Center
10487,1966,444,85,2/25/2020,1553.97,89147 Canary Place
10488,1898,377,22,4/11/2021,7777.61,98 Meadow Vale Parkway
10489,1504,433,8,3/19/2020,900.42,7421 Schiller Place
10490,1372,397,13,6/19/2021,1094.51,25 Corry Lane
10491,1370,415,59,3/29/2022,7633.02,26399 Thackeray Lane
10492,1804,324,1,7/7/2021,8624.68,84879 Cordelia Circle
10493,1670,161,91,3/27/2021,7362.49,3810 7th Drive
10494,1081,223,84,1/13/2021,2739.7,55192 Drewry Parkway
10495,1160,287,41,1/4/2022,1709.02,7 Monica Circle
10496,1862,378,86,6/12/2021,350.52,562 Stang Point
10497,1500,150,14,12/21/2021,1743.45,45 Burrows Road
10498,1012,386,41,4/10/2022,1348.75,02920 John Wall Park
10499,1929,140,39,5/14/2020,347.67,79545 Sherman Plaza
10500,1106,159,74,9/21/2022,5579.28,1 Stang Parkway
10501,1405,453,43,3/11/2020,2142.03,7698 Meadow Vale Junction
10502,1148,493,69,10/12/2021,9188.29,4141 Fulton Trail
10503,1214,460,27,9/29/2020,9531.98,87597 New Castle Lane
10504,1746,143,29,1/16/2021,2647.3,85169 Sachtjen Drive
10505,1385,242,84,3/9/2021,2091.26,9 Maryland Avenue
10506,1135,298,9,1/6/2022,5441.25,954 Carpenter Court
10507,1605,252,95,8/28/2020,6865.51,51061 Steensland Trail
10508,1219,339,46,7/17/2020,8768.62,1 Onsgard Circle
10509,1897,143,73,12/7/2022,6000.25,322 Fallview Point
10510,1130,279,9,9/28/2022,7597.67,4533 Pennsylvania Crossing
10511,1205,139,60,5/19/2021,2715.14,9765 La Follette Parkway
10512,1917,412,44,3/23/2022,5404.52,969 Ronald Regan Pass
10513,1722,126,75,2/9/2020,2005.65,2 Burrows Hill
10514,1090,182,19,11/6/2020,6539.05,076 Merrick Road
10515,1493,497,93,9/7/2020,9476.72,88 Alpine Park
10516,1261,326,75,6/25/2022,2275.72,642 Elka Avenue
10517,1083,330,44,4/19/2020,351.96,4 Donald Hill
10518,1442,408,12,4/2/2020,7621.42,5273 Havey Avenue
10519,1913,151,97,11/26/2020,843.7,3 Lyons Plaza
10520,1256,339,56,5/2/2021,8264.18,70621 Texas Alley
10521,1188,459,13,6/15/2021,9641.65,4 Red Cloud Circle
10522,1419,111,59,7/5/2021,1138.18,2182 Ohio Street
10523,1918,137,92,5/24/2022,3223.15,7 Daystar Junction
10524,1875,259,61,3/27/2022,7768.56,30 Haas Point
10525,1021,261,63,2/23/2021,7824.53,768 Oriole Point
10526,1926,252,43,11/20/2021,2283.39,03683 Farwell Crossing
10527,1565,408,6,11/3/2021,5237.21,5438 Vidon Junction
10528,1556,325,97,5/23/2021,1386.82,4972 Maple Parkway
10529,1772,183,56,9/19/2022,8924.23,40 Lakewood Crossing
10530,1135,486,53,1/31/2021,4831.53,9687 Holmberg Street
10531,1495,281,96,6/8/2020,4144.01,8 Fallview Circle
10532,1413,165,46,9/25/2022,7168.73,5 Marquette Park
10533,1361,147,62,12/20/2021,657.21,75681 Mitchell Plaza
10534,1446,398,42,2/8/2021,6066.02,03 Stone Corner Circle
10535,1742,186,95,11/25/2021,5847,348 Hanson Road
10536,1683,375,23,12/16/2022,232.98,51 Surrey Point
10537,1934,206,44,3/4/2022,1748.48,909 Warrior Drive
10538,1100,247,54,3/11/2020,8262.59,87047 Dryden Lane
10539,1465,173,20,10/27/2021,8988.51,5 Arkansas Terrace
10540,1593,433,25,10/3/2022,4902.75,2572 Arrowood Trail
10541,1385,395,15,5/7/2020,9860.97,7 Manufacturers Parkway
10542,1556,272,57,12/7/2020,2168.46,7 Valley Edge Avenue
10543,1918,386,48,6/30/2020,6780.36,54 Norway Maple Pass
10544,1635,135,61,8/12/2020,8883.02,5 Vermont Center
10545,1119,242,84,9/16/2022,465.75,4 Lighthouse Bay Alley
10546,1369,128,23,11/30/2021,9149.3,52144 Rieder Way
10547,1475,346,56,7/19/2020,1576.38,593 Golden Leaf Road
10548,1389,262,22,12/17/2020,1539.98,547 Rieder Street
10549,1125,359,69,5/21/2022,539.06,4 Anthes Drive
10550,2000,448,70,10/10/2021,4204.27,071 Northridge Junction
10551,1220,167,33,10/29/2021,6321.47,2634 Debs Court
10552,1920,371,77,4/11/2021,8052.69,8242 Dakota Place
10553,1048,292,98,3/18/2020,6903.85,98626 Chive Lane
10554,1066,173,73,7/24/2022,3230.31,0104 Dottie Crossing
10555,1906,499,23,1/29/2021,2468.29,20 Claremont Court
10556,1711,291,75,10/23/2021,8623.56,34 Mosinee Trail
10557,1464,255,73,6/6/2022,7575.64,2881 Coolidge Lane
10558,1163,448,42,11/30/2020,4323.97,13280 Derek Place
10559,1600,474,84,11/23/2021,873.45,74765 Ridgeview Avenue
10560,1076,226,90,4/16/2022,134.09,135 Eastlawn Trail
10561,1706,120,25,8/6/2022,1650.4,15972 Mosinee Street
10562,1704,338,81,11/16/2022,2711.16,0466 Muir Plaza
10563,1635,443,94,3/29/2021,7543.7,505 Delaware Alley
10564,1877,406,99,2/13/2020,5420.14,09 Menomonie Center
10565,1329,272,44,9/9/2022,5122.49,397 Ilene Road
10566,1212,251,23,1/2/2022,9043.36,58 Farwell Drive
10567,1201,412,44,8/27/2021,3119.27,9 New Castle Way
10568,1385,355,50,7/4/2021,178.27,23 Quincy Crossing
10569,1798,489,94,1/31/2020,6967.95,2693 Clarendon Point
10570,1347,377,67,10/21/2020,9805.08,88 Kipling Lane
10571,1231,118,10,2/28/2022,4348.57,0636 Morrow Hill
10572,1892,127,8,4/10/2020,1941.26,675 Gateway Lane
10573,1287,450,33,5/14/2021,1564.71,57 Eastlawn Pass
10574,1807,219,74,3/8/2021,7381.5,6219 Mcguire Avenue
10575,1328,339,88,4/28/2020,2028.56,33 Hintze Way
10576,1800,136,20,7/28/2020,3099.58,4 Gulseth Circle
10577,1007,421,74,12/3/2021,4772.04,5 Victoria Road
10578,1003,263,12,3/7/2021,2786.01,15 Hovde Drive
10579,1243,275,35,1/20/2022,7287.13,34 Columbus Way
10580,1948,243,82,6/16/2022,8412.6,5 Harper Junction
10581,1832,461,77,2/21/2022,7513.94,085 Marquette Plaza
10582,1138,102,42,10/15/2021,5250.71,12223 Londonderry Circle
10583,1647,295,58,1/17/2020,9468.15,243 Donald Hill
10584,1655,300,23,5/2/2022,1547.46,657 Forest Terrace
10585,1121,410,32,7/24/2022,2752.28,8459 Saint Paul Lane
10586,1368,313,57,9/11/2022,9542.16,897 Barby Way
10587,1093,241,17,3/8/2022,2708.18,9 Miller Hill
10588,1428,330,12,6/1/2020,8337.43,641 Brentwood Alley
10589,1821,106,64,7/9/2020,5435.72,2 Lukken Trail
10590,1314,251,94,2/15/2021,6652.82,05436 Granby Center
10591,1084,449,48,10/25/2021,2814.44,46023 Esch Drive
10592,1181,108,35,1/28/2020,1104.82,14208 Carey Place
10593,1891,443,55,11/11/2020,8140.92,8354 1st Point
10594,1871,355,34,6/2/2020,5719.11,5 Fallview Trail
10595,1860,119,30,5/16/2021,3535.62,8 Clarendon Plaza
10596,1686,106,59,4/14/2021,6667.46,5 Shelley Lane
10597,1561,495,21,10/16/2021,1015.55,359 Corry Trail
10598,1394,453,29,1/2/2021,577.8,610 Iowa Place
10599,1157,477,64,1/22/2021,3833.21,8672 Trailsway Point
10600,1881,389,91,7/31/2020,6303.17,0007 Glendale Pass
10601,1176,363,47,11/9/2022,7848.88,3 Dayton Way
10602,1674,341,28,10/12/2022,7657.01,2 Judy Court
10603,1603,142,100,4/28/2020,7573.27,9939 Vera Plaza
10604,1786,226,60,6/3/2020,257.16,198 Redwing Lane
10605,1975,244,62,7/7/2022,6121.93,9001 Dennis Hill
10606,1394,427,5,9/17/2021,8718.45,287 Menomonie Trail
10607,1795,419,11,4/10/2021,330.87,7303 Dottie Lane
10608,1869,134,88,4/21/2022,2318.49,433 Corscot Trail
10609,1113,394,87,7/10/2021,7970.91,49774 Sheridan Road
10610,1776,265,70,8/15/2022,7093.8,92967 Derek Lane
10611,1624,241,46,10/14/2021,653.09,23 Johnson Park
10612,1302,478,42,8/3/2022,4328.4,8153 East Lane
10613,1992,412,86,5/19/2022,2183.26,2 Redwing Trail
10614,1825,396,51,8/4/2021,6351.37,49 Hoffman Plaza
10615,1441,245,3,8/10/2022,8592.49,175 Sachtjen Road
10616,1023,199,79,9/16/2022,3526.23,2 Tennyson Center
10617,1571,179,44,5/15/2020,8426.13,85 Clyde Gallagher Pass
10618,1666,497,24,3/17/2022,4882.36,848 Bluestem Hill
10619,1912,182,47,5/10/2022,3612.07,797 Buhler Center
10620,1975,265,80,9/30/2022,4377.5,33 Fisk Junction
10621,1351,133,20,11/21/2021,1238.45,522 Tomscot Avenue
10622,1730,263,82,7/18/2021,1260.39,6 Kedzie Junction
10623,1983,371,70,4/19/2020,569.09,08952 Vidon Road
10624,1499,189,77,4/1/2022,343.93,5 Iowa Point
10625,1150,484,42,7/31/2022,432.81,4908 Bellgrove Junction
10626,1895,290,61,8/4/2022,2427.7,9718 Dexter Junction
10627,1214,145,9,6/22/2020,4529.04,7 Northwestern Terrace
10628,1761,343,20,10/27/2020,6371.78,07 Banding Center
10629,1689,260,39,4/16/2021,1786.55,356 Grim Plaza
10630,1482,383,94,2/16/2022,4355.02,3009 Loeprich Way
10631,1571,104,49,3/1/2022,8363.81,4 Crescent Oaks Plaza
10632,1377,266,6,3/8/2021,3593.39,621 Fordem Avenue
10633,1183,474,32,3/6/2021,8455.81,2632 Brickson Park Lane
10634,1583,330,19,8/16/2022,8535.97,772 Lunder Trail
10635,1307,375,11,7/9/2022,8157.61,35 Forest Run Street
10636,1107,327,61,7/15/2021,4893.56,3 Merchant Trail
10637,1841,257,68,3/15/2021,7457.2,190 Sherman Terrace
10638,1758,364,52,7/26/2022,4278.15,93 Bluestem Park
10639,1610,383,68,5/13/2021,3864.84,5678 Oxford Circle
10640,1797,426,74,7/6/2022,5903.54,93666 Lerdahl Drive
10641,1627,164,81,10/21/2020,9111.95,6 Petterle Lane
10642,1813,193,71,12/26/2022,5858.44,353 Weeping Birch Hill
10643,1170,415,81,3/22/2022,3553.55,20 Pennsylvania Drive
10644,1013,103,16,6/23/2021,5836.13,8855 Eliot Road
10645,1773,212,51,8/11/2021,8292.74,7 Shoshone Crossing
10646,1373,472,9,8/30/2020,1448.73,0764 Hudson Park
10647,1377,227,15,11/24/2021,9098.39,13987 Arkansas Alley
10648,1322,150,67,10/22/2020,1250.36,528 Cordelia Center
10649,1028,219,75,3/10/2021,8331.52,961 Golden Leaf Point
10650,1481,111,76,5/11/2021,2310.13,67 Loomis Pass
10651,1686,377,24,4/25/2022,6249.2,369 Bartelt Trail
10652,1328,136,73,7/5/2020,698.82,5089 Dawn Parkway
10653,1699,328,79,7/29/2020,2544.91,12676 Victoria Lane
10654,1039,125,41,4/18/2021,6022.12,9 Kennedy Park
10655,1631,384,44,10/20/2020,7199.07,370 Pond Way
10656,1823,420,76,8/28/2020,1956.24,9 Browning Parkway
10657,1389,439,76,6/7/2022,781.62,07 Monument Parkway
10658,1587,245,17,10/7/2022,1181.88,3 Anniversary Circle
10659,1876,120,71,11/11/2021,7854.35,83 Rieder Plaza
10660,1594,370,62,1/2/2021,7562.64,1035 Killdeer Place
10661,1446,115,19,10/5/2021,9981.5,330 Charing Cross Circle
10662,1828,480,21,4/8/2021,4438.29,57 Norway Maple Center
10663,1109,409,93,10/4/2021,7406.26,87563 La Follette Road
10664,1781,141,70,12/25/2022,2429.28,40088 Mayfield Park
10665,1215,369,76,10/2/2020,321.99,1279 Drewry Way
10666,1549,269,75,3/7/2022,508.42,16002 Washington Court
10667,1912,303,89,5/14/2021,1925.53,8849 Novick Parkway
10668,1736,464,38,7/5/2021,6103.29,02 Cordelia Parkway
10669,1015,250,24,3/26/2021,3859.19,90831 Bashford Place
10670,1897,448,77,11/22/2022,7696.9,78047 Kennedy Crossing
10671,1804,285,15,12/25/2022,4783.62,3005 Victoria Alley
10672,1887,491,34,3/13/2020,432.05,79518 Arizona Terrace
10673,1322,309,19,6/10/2022,3795.22,25234 Artisan Junction
10674,1022,475,95,3/18/2022,6038.13,14 Pearson Point
10675,1099,319,63,6/14/2021,4030.11,1209 Eastlawn Trail
10676,1705,457,39,11/11/2020,6679.07,5043 Ronald Regan Street
10677,1373,210,86,1/11/2020,4762.34,750 Shopko Street
10678,1664,494,74,9/17/2022,80.74,98837 Hudson Street
10679,1484,144,73,2/21/2021,7214.02,734 Rowland Plaza
10680,1522,194,26,12/11/2021,7694.52,1244 Maryland Alley
10681,1358,441,57,5/19/2020,9625.9,680 Bunker Hill Hill
10682,1045,476,62,9/6/2022,1748.33,9570 Victoria Parkway
10683,1053,109,23,3/23/2022,6776.08,1229 Amoth Lane
10684,1543,383,25,10/18/2022,24.08,318 Fairview Park
10685,1191,370,1,6/7/2020,7786.89,050 Meadow Ridge Pass
10686,1989,385,94,10/26/2022,6925.75,8 Corscot Junction
10687,1377,317,24,12/4/2022,8798.57,63949 Haas Hill
10688,1396,114,89,8/10/2022,8699.52,15 Clyde Gallagher Hill
10689,1461,129,82,8/4/2022,6225.71,14 Schiller Center
10690,1695,284,94,12/1/2022,4893,886 Northwestern Center
10691,1225,199,91,7/28/2020,7604.32,617 Manufacturers Road
10692,1405,413,100,5/13/2022,5281.7,228 Rusk Avenue
10693,1112,477,25,10/3/2020,5396.78,594 Mosinee Trail
10694,1654,403,18,9/22/2021,9269.71,06 Clyde Gallagher Way
10695,1106,278,89,9/28/2020,4794.12,725 Hoffman Terrace
10696,1547,423,71,7/31/2021,5445.82,58582 Debra Crossing
10697,1074,306,53,6/26/2020,706.43,40 Monument Drive
10698,1247,459,98,1/24/2022,8383.34,78804 1st Drive
10699,1430,183,6,9/3/2022,8562.56,51144 Sage Street
10700,1539,193,42,2/11/2022,5090.25,084 Hagan Circle
10701,1653,107,23,7/14/2021,6063.41,10 Kipling Crossing
10702,1093,471,86,4/1/2022,41.5,928 Dovetail Avenue
10703,1305,337,32,4/24/2022,6889.32,9 Thompson Plaza
10704,1475,483,60,3/27/2022,8557.28,9 4th Terrace
10705,1478,126,93,5/26/2022,7080.77,86 Alpine Pass
10706,1347,294,92,11/24/2021,1569.47,7 Sutherland Center
10707,1677,288,93,6/27/2020,2927.41,097 Esch Place
10708,1637,480,32,11/8/2020,5732.32,116 Hallows Plaza
10709,1471,192,69,8/19/2020,9756.02,98663 Gateway Way
10710,1982,158,7,5/1/2022,1079.83,58664 Jenifer Way
10711,1109,148,86,5/7/2020,167.91,1451 Merchant Center
10712,1468,273,88,2/8/2020,9262.39,2 Briar Crest Trail
10713,1199,463,71,5/2/2020,216.77,533 Di Loreto Trail
10714,1299,162,49,3/3/2022,8626.14,56514 Monterey Court
10715,1816,339,83,9/11/2022,8432.24,41521 Lunder Trail
10716,1248,440,32,8/25/2022,7439.7,14411 Prairie Rose Parkway
10717,1377,444,76,4/15/2021,5065.94,4983 Stephen Hill
10718,1881,257,60,7/21/2022,9232.84,159 Michigan Drive
10719,1218,235,33,1/1/2021,9130.23,8076 Toban Way
10720,1996,187,76,5/8/2020,9172.17,94114 Kensington Road
10721,1850,110,49,4/13/2022,625.95,8 Sherman Pass
10722,1351,118,90,4/24/2020,8301.58,7 Oneill Road
10723,1239,358,89,12/13/2020,3792.36,4 Daystar Avenue
10724,1613,241,72,12/21/2020,1002.46,59 Sundown Street
10725,1243,477,97,9/1/2020,4290.54,31 Fuller Road
10726,1235,272,83,6/9/2022,6590.55,00324 Fordem Alley
10727,1112,128,73,1/2/2020,7848.58,7 Warner Street
10728,1998,280,37,3/26/2020,7068.5,70 Drewry Hill
10729,1912,304,59,7/2/2022,4427.41,6 Victoria Alley
10730,1971,397,5,6/25/2022,4083.54,88 Barnett Parkway
10731,1889,324,52,8/6/2022,4973.96,1 Derek Court
10732,1494,282,53,6/28/2020,4381.03,33 Mandrake Crossing
10733,1508,436,8,8/1/2022,8966.25,5517 Carioca Circle
10734,1105,185,70,4/30/2020,9283.23,14855 David Alley
10735,1383,450,54,1/29/2022,701.1,4888 Pepper Wood Trail
10736,1046,119,97,10/29/2020,6522.71,56295 Grim Court
10737,1785,458,57,4/24/2020,6368.51,9 Ryan Hill
10738,1021,354,93,7/10/2020,1327.71,81 Reinke Park
10739,1564,314,68,4/20/2021,9927.58,94990 Merchant Terrace
10740,1326,468,78,8/18/2021,2778.11,02 Buhler Junction
10741,1377,315,86,5/15/2021,9540.73,46252 Mesta Crossing
10742,1934,460,32,3/12/2021,1216.98,78 Maryland Avenue
10743,1997,319,21,3/14/2021,109.85,62270 Hermina Center
10744,1451,172,42,11/25/2020,1273.64,450 Thierer Hill
10745,1640,324,66,6/17/2022,4744.08,96 Upham Point
10746,1601,431,69,3/31/2021,2954.52,9 Knutson Crossing
10747,1405,270,11,8/31/2020,6364.88,951 Delladonna Pass
10748,1224,461,92,6/26/2020,6462.17,2482 Leroy Place
10749,1478,282,77,12/25/2020,5008.37,752 Sycamore Parkway
10750,1884,310,22,12/16/2022,8487.15,64 Express Alley
10751,1651,205,74,1/10/2020,3640.9,8047 Carpenter Court
10752,1418,152,23,11/1/2022,534.46,65805 Petterle Lane
10753,1862,287,17,6/1/2021,656.49,10 Debs Plaza
10754,1160,427,50,12/18/2022,1479.61,2 Clyde Gallagher Point
10755,1764,495,73,6/11/2021,8769.51,05 Bellgrove Pass
10756,1768,200,1,2/28/2021,4057.89,8014 Debra Park
10757,1629,103,64,11/12/2022,1164.89,225 Scofield Avenue
10758,1203,404,54,6/14/2021,4301.93,00 Charing Cross Park
10759,1455,423,38,2/8/2022,2248,60 Anderson Parkway
10760,1973,115,39,8/14/2020,1307.45,3 Old Shore Parkway
10761,1667,154,14,9/11/2021,226.54,794 Bashford Point
10762,1167,206,99,5/29/2021,3602.15,87654 Donald Lane
10763,1488,493,73,1/27/2020,9502.51,65925 Kingsford Pass
10764,1627,223,97,1/3/2022,3342.07,82 Steensland Circle
10765,1191,319,5,8/15/2022,1877.32,4 Barnett Junction
10766,1039,231,4,5/20/2022,1148.57,88 6th Court
10767,1310,105,78,8/2/2022,4543.77,97 Coolidge Center
10768,1487,280,44,3/17/2020,6624.8,0 Lighthouse Bay Parkway
10769,1656,245,28,3/20/2020,1999.61,20 Hauk Place
10770,1222,321,76,3/15/2021,8218.84,9328 Stuart Parkway
10771,1607,238,2,7/26/2022,6840.86,0115 Oriole Lane
10772,1798,107,76,3/21/2021,7514.04,84 Village Green Center
10773,1254,208,7,3/9/2021,9003.13,578 Upham Avenue
10774,1946,465,5,7/22/2021,950.46,0 Debra Place
10775,1831,139,26,2/23/2022,4588.38,37 Pennsylvania Plaza
10776,1311,140,77,9/11/2021,2693.63,965 Crownhardt Alley
10777,1012,363,99,8/16/2022,3446.85,502 Division Terrace
10778,1740,485,72,11/6/2022,6900.49,670 Fulton Terrace
10779,1028,451,95,3/12/2021,5232.71,8118 Clemons Parkway
10780,1322,436,84,4/26/2021,3496.53,162 Melody Park
10781,1657,311,60,1/25/2020,6525.35,9677 North Court
10782,1089,322,22,4/23/2022,4524.78,8 Springs Drive
10783,1919,392,12,2/12/2021,2853.02,5 Katie Junction
10784,1948,359,49,2/4/2021,4865.81,4007 Thackeray Crossing
10785,1689,310,66,6/9/2020,9621.82,0 Esch Court
10786,1051,280,11,9/10/2021,3896.34,2 Bonner Point
10787,1377,494,17,8/31/2022,1129.82,2 4th Street
10788,1292,111,17,11/25/2021,6519.01,6455 Hovde Point
10789,1769,309,52,5/23/2022,7359.6,842 Rockefeller Avenue
10790,1328,125,79,10/2/2022,1837.1,957 Gina Avenue
10791,1540,147,55,12/5/2021,2650.61,1567 Anzinger Junction
10792,1062,154,39,6/26/2022,8210.42,85143 Hanover Plaza
10793,1908,493,87,5/28/2022,5604.48,7 Tony Parkway
10794,1107,372,84,7/4/2021,3787.85,2064 Elgar Street
10795,1102,421,28,3/11/2020,4925.59,58129 Westend Street
10796,1832,165,27,10/5/2020,9932.13,07 Arrowood Street
10797,1704,251,59,5/4/2020,8355.92,23 Anzinger Lane
10798,1757,369,39,9/16/2022,2639.21,07 Saint Paul Drive
10799,1667,114,21,3/2/2020,345.19,3194 Kinsman Way
10800,1147,217,36,5/7/2022,6365.83,2271 Charing Cross Hill
10801,1420,114,55,8/15/2020,3303.7,02 Knutson Place
10802,1747,381,38,4/21/2020,5169.72,78636 Westridge Drive
10803,1836,180,1,11/4/2021,2214.45,43 Blaine Trail
10804,1416,165,18,1/24/2021,8604.36,7 Shasta Way
10805,1308,216,73,4/28/2021,7640.39,8547 Emmet Place
10806,1254,489,6,11/13/2022,2545.43,48 Roxbury Hill
10807,1661,467,98,11/10/2020,9784.68,09 Colorado Circle
10808,1307,440,91,8/15/2022,8359.03,11 Pine View Avenue
10809,1646,469,7,9/30/2021,7942.77,4 Loeprich Crossing
10810,1713,380,64,11/4/2020,9981.33,0502 Menomonie Alley
10811,1444,165,38,6/15/2021,8722.64,5 Hanover Crossing
10812,1183,367,41,8/2/2020,7206.09,974 Brentwood Way
10813,1377,278,97,11/13/2021,3187.02,8971 Sachs Point
10814,1186,468,52,3/26/2021,1345.69,97777 Vernon Way
10815,1112,370,45,10/14/2020,4841.94,5430 Hallows Parkway
10816,1247,432,66,3/30/2020,4182.44,3 Stephen Crossing
10817,1649,140,83,1/30/2022,5668.06,0950 Rowland Plaza
10818,1016,427,66,7/18/2020,4630.31,650 Homewood Parkway
10819,1270,219,28,7/28/2022,4773.66,470 Cottonwood Street
10820,1036,321,11,2/22/2020,2232.61,2 Mosinee Junction
10821,1359,408,91,9/19/2022,1253.47,41 Summerview Junction
10822,1421,197,82,6/3/2020,684.71,10 Esch Way
10823,1131,463,68,1/4/2021,8040.09,034 Sachtjen Pass
10824,1564,103,35,9/2/2020,2081.43,8036 Rutledge Lane
10825,1013,154,26,8/12/2020,8405.7,895 Mccormick Crossing
10826,1750,387,69,7/31/2022,284.04,868 Granby Trail
10827,1968,313,4,11/3/2022,186.84,87 Grover Trail
10828,1377,386,50,12/14/2020,5346.1,3 Towne Center
10829,1496,489,62,12/23/2020,7088.18,269 Elgar Road
10830,1379,375,9,1/7/2021,1545.59,7 Mandrake Plaza
10831,1220,294,8,6/9/2020,8323.3,8448 Summit Center
10832,1484,312,21,2/21/2020,2884.28,90 Cottonwood Pass
10833,1733,260,23,2/2/2022,3152.85,0631 Lyons Park
10834,1604,234,84,9/20/2021,6917.2,26 Mariners Cove Pass
10835,1161,480,53,2/8/2020,8139.8,01 Thierer Lane
10836,1668,387,63,8/15/2022,7710.67,589 Ludington Parkway
10837,1528,443,100,1/1/2020,5808.29,22762 Westridge Pass
10838,1053,153,60,1/30/2022,1153.12,4 Bobwhite Trail
10839,1094,149,23,1/2/2021,9274.25,6900 Helena Crossing
10840,1452,495,71,8/8/2020,4174.82,032 Kingsford Road
10841,1174,270,53,6/29/2022,5353.94,6662 Schiller Point
10842,1636,117,63,4/18/2020,446.98,101 Memorial Park
10843,1218,377,99,11/17/2020,5215.23,27 Melody Point
10844,1915,296,13,10/24/2020,4493.3,298 Loomis Crossing
10845,1688,300,27,9/27/2020,7323.84,142 Rockefeller Junction
10846,1220,233,46,11/3/2021,8493.62,7150 Oxford Center
10847,1366,277,88,7/24/2020,8154.21,5 Bonner Court
10848,1899,419,58,9/22/2020,1482.72,79 Leroy Pass
10849,1070,497,78,2/2/2021,7016.7,05856 Kim Hill
10850,1685,255,96,12/23/2022,2243.05,93180 Thierer Terrace
10851,1324,430,100,2/28/2021,1062.45,5532 Elka Park
10852,1382,418,98,10/8/2021,9213.63,0 Hollow Ridge Lane
10853,1581,328,54,8/20/2021,5952.92,1876 Maywood Point
10854,1164,425,68,5/7/2020,8994.62,29 Melvin Lane
10855,1768,325,64,3/22/2022,9200.72,793 Little Fleur Avenue
10856,1104,276,97,12/29/2020,306.63,910 Independence Hill
10857,1100,314,15,9/22/2020,7881.6,4666 Straubel Road
10858,1752,421,23,6/8/2021,1766.13,68 Superior Court
10859,1441,429,86,7/10/2022,6656.46,1 Calypso Trail
10860,1644,386,62,11/26/2022,5458.66,063 Knutson Way
10861,1377,190,71,5/11/2020,2315.71,9615 Chinook Hill
10862,1326,408,93,2/5/2020,655.54,99127 Holmberg Park
10863,1412,437,3,12/16/2022,8191.06,96 Springview Alley
10864,1017,321,100,1/18/2020,2934.54,952 Burning Wood Drive
10865,1162,396,41,8/27/2020,170.45,596 Derek Park
10866,1517,389,50,9/15/2022,3606.64,08 Barby Park
10867,1230,319,86,10/1/2022,2828.33,54 Harper Place
10868,1052,447,44,6/6/2021,1216.39,5 Arizona Place
10869,1403,149,37,3/9/2021,6635.42,11 Ruskin Parkway
10870,1269,259,84,4/24/2022,4727.14,0913 Kensington Way
10871,1894,324,50,6/24/2020,1961.52,87 Iowa Park
10872,1243,190,28,12/24/2022,4524.32,88 Loomis Point
10873,1194,268,54,4/29/2022,7510.54,505 Westport Park
10874,1104,205,45,6/19/2022,9950.66,46594 Crest Line Junction
10875,1664,312,75,1/14/2021,704.07,2 Sullivan Trail
10876,1595,176,37,10/29/2021,1669.27,56675 Raven Crossing
10877,1019,277,69,5/16/2021,5373.13,999 Memorial Point
10878,1351,362,79,11/20/2020,1354.95,6 Alpine Plaza
10879,1020,408,31,2/5/2022,5110.91,0163 Steensland Street
10880,1826,331,81,4/8/2022,7101.68,70 Loomis Crossing
10881,1231,328,83,4/17/2021,6206.35,6310 Barby Trail
10882,2000,491,76,11/30/2022,1179.75,2 Northview Alley
10883,1604,202,21,12/30/2022,1681.82,47 Hansons Street
10884,1164,101,69,4/7/2020,5349.71,64 Ludington Terrace
10885,1986,409,87,6/25/2021,522.99,3 Hoepker Junction
10886,1791,368,25,9/1/2021,1089.98,42891 Sachtjen Center
10887,1666,441,17,6/28/2021,3365.28,6044 Shelley Lane
10888,1041,281,27,2/27/2020,8061.75,716 Lukken Junction
10889,1574,334,26,1/30/2022,3101.8,775 Doe Crossing Point
10890,1277,126,18,1/23/2021,9417.43,20 Pepper Wood Terrace
10891,1821,373,51,9/2/2021,8009.77,617 Kim Alley
10892,1495,329,99,1/26/2020,7615.1,4 Weeping Birch Lane
10893,1284,229,42,7/4/2021,9221.59,93061 Grayhawk Street
10894,1483,355,70,12/29/2022,7325.8,20895 Kenwood Pass
10895,1100,129,45,1/5/2020,6395.37,499 Melrose Circle
10896,1722,420,20,10/21/2020,4320.41,1 Old Gate Trail
10897,1464,443,42,1/3/2022,4415.35,6 Logan Avenue
10898,1424,438,61,4/1/2022,5217.42,28 Graceland Junction
10899,1076,158,82,1/21/2022,2058.74,2985 Veith Plaza
10900,1765,154,61,10/19/2022,3471.45,62844 Kennedy Avenue
10901,1938,161,35,1/11/2021,7632.93,2 Union Park
10902,1377,387,1,4/16/2022,1292.03,8 Elmside Lane
10903,1011,322,67,8/15/2022,4567.88,5 Russell Trail
10904,1725,372,66,4/5/2021,3744.22,8 Hooker Road
10905,1952,428,68,6/21/2021,9708.33,2 Pond Drive
10906,1631,194,97,4/9/2021,1740.84,0 Kipling Park
10907,1941,122,11,10/18/2021,4397.89,5933 Independence Street
10908,1167,220,17,5/28/2021,8835.34,26804 Petterle Park
10909,1468,321,83,11/13/2020,7515.12,98410 Maple Wood Circle
10910,1549,235,16,12/23/2020,6369.23,8 Wayridge Lane
10911,1290,316,62,8/7/2020,2392.38,9165 Esch Point
10912,1604,399,57,4/20/2021,5563.74,4436 Linden Point
10913,1463,351,33,1/9/2020,6944.31,3 Victoria Lane
10914,1926,135,60,5/30/2020,6257.07,12 Crescent Oaks Center
10915,1894,107,4,1/19/2020,5986.99,7619 Service Hill
10916,1064,185,42,1/30/2022,64.45,623 Helena Trail
10917,1205,252,16,7/2/2021,6986.07,72 Kropf Hill
10918,1428,116,8,4/21/2021,6891.06,801 Vermont Terrace
10919,1509,416,58,2/1/2022,626.38,592 Nevada Alley
10920,1448,105,16,11/2/2020,6883.8,03528 Briar Crest Drive
10921,1321,496,92,4/28/2020,6203.3,523 Toban Junction
10922,1162,289,29,10/18/2020,3745.84,416 Barby Street
10923,1739,439,15,8/20/2021,8138.47,366 Lien Center
10924,1040,449,13,10/22/2020,8770.64,96 Dryden Junction
10925,1722,196,83,12/29/2022,1880.31,3823 Sycamore Court
10926,1060,329,61,9/6/2021,4608.69,55882 Ludington Hill
10927,1868,354,40,6/28/2022,6206.95,44750 Clarendon Junction
10928,1574,312,92,1/19/2022,7992.03,694 Pennsylvania Crossing
10929,1790,360,80,10/26/2020,4655.38,53 Daystar Way
10930,1095,337,68,10/6/2022,9661.49,86973 Bartelt Trail
10931,1100,447,98,12/7/2020,7145.69,2 Mitchell Center
10932,1796,232,43,11/1/2021,821.7,639 Thackeray Point
10933,1863,253,11,7/25/2021,5800.39,6 Debs Terrace
10934,1089,351,84,3/17/2022,8549.39,9681 Schurz Point
10935,1835,220,33,3/31/2020,8911.98,6522 Reinke Avenue
10936,1746,209,77,8/30/2021,1686.26,34217 Carioca Drive
10937,1689,418,38,8/30/2020,2981.15,3 Judy Road
10938,1308,114,60,1/2/2022,5699.72,01955 Dennis Road
10939,1840,345,11,1/7/2021,8665.54,477 Claremont Drive
10940,1307,471,46,9/8/2021,7825.76,7 Swallow Park
10941,1135,343,96,2/6/2020,1864.33,9 Birchwood Plaza
10942,1422,426,14,9/23/2020,9970.83,013 Westerfield Center
10943,1053,490,93,11/26/2021,3344.97,6 Ridgeway Crossing
10944,1100,355,35,11/9/2020,7595.57,42 Darwin Point
10945,1027,480,15,5/31/2020,4672.19,3502 Merry Lane
10946,1033,296,95,8/25/2021,7741.09,00165 Sloan Circle
10947,1013,472,7,4/30/2021,6516.81,359 Ohio Avenue
10948,1877,122,18,6/4/2020,5389.42,1 Corry Drive
10949,1303,327,1,1/3/2020,4140.55,3063 Gina Court
10950,1662,255,12,6/2/2020,8830.8,730 Kipling Junction
10951,1794,173,24,11/27/2022,4934.75,95594 Dennis Point
10952,1794,387,67,6/16/2021,7077.68,2297 Pine View Alley
10953,1000,254,42,8/18/2022,5293.69,7 Dunning Terrace
10954,1100,339,27,3/29/2022,801.77,7 Park Meadow Trail
10955,1233,111,93,9/7/2020,7661.82,71 Loeprich Crossing
10956,1789,186,56,2/2/2022,7598.47,5 Superior Center
10957,1758,195,66,6/10/2020,5955.85,475 Maple Wood Court
10958,1636,126,84,12/15/2022,3295.44,4 Michigan Terrace
10959,1449,238,40,9/30/2020,4035.02,4702 Wayridge Way
10960,1600,146,88,4/19/2021,7957.57,16 Harbort Court
10961,1725,435,3,10/13/2022,4034.43,93519 Melvin Alley
10962,1743,475,91,10/16/2021,1531.01,76492 Northland Circle
10963,1816,382,35,4/4/2022,531.72,4 Bluejay Lane
10964,1243,234,67,3/31/2020,8741.57,5960 Sage Junction
10965,1845,439,34,2/23/2022,6390.84,7749 Mendota Drive
10966,1824,380,48,10/25/2020,4774.79,91 Sunbrook Trail
10967,1006,117,90,9/5/2022,7161.83,80 Dunning Court
10968,1915,173,75,5/10/2022,8651.71,2702 Petterle Way
10969,1946,303,86,9/27/2020,267.41,196 Menomonie Terrace
10970,1699,325,81,4/11/2020,343.26,807 Scott Way
10971,1651,459,61,2/16/2020,331.45,8 Eastwood Parkway
10972,1710,155,94,8/20/2022,3091.46,4 Petterle Circle
10973,1147,436,12,2/4/2020,5963.52,815 Anniversary Road
10974,1599,428,14,9/17/2021,4003.87,57994 Clemons Terrace
10975,1757,320,64,6/29/2022,1157.81,3562 Scofield Trail
10976,1719,313,41,6/7/2021,8875.78,7411 Spohn Terrace
10977,1412,470,91,8/15/2022,7244.8,351 Hoard Way
10978,1556,485,67,2/13/2021,584.75,89856 Basil Street
10979,1589,472,7,9/23/2021,9214.52,559 Esker Park
10980,1056,365,37,1/9/2021,3271.18,9552 Lillian Pass
10981,1243,293,40,7/7/2021,8465.76,3 Saint Paul Plaza
10982,1396,379,76,12/10/2020,881.82,13 Laurel Point
10983,1017,434,5,10/24/2020,8752.92,92 Roth Park
10984,1167,149,8,12/20/2022,587.95,00506 Glendale Way
10985,1546,347,88,3/22/2021,5363.97,714 Kensington Trail
10986,1922,356,74,6/27/2022,4107.96,3 Helena Alley
10987,1143,325,5,6/1/2022,9117.69,6758 Susan Lane
10988,1413,232,53,7/13/2022,9139.52,56486 Springview Pass
10989,1636,452,3,9/7/2021,6783.26,38 Shelley Road
10990,1913,427,94,9/26/2020,771.04,54 Sunfield Center
10991,1462,242,13,2/1/2021,3058.27,25145 Ryan Circle
10992,1100,115,86,11/21/2021,7165.48,438 Kropf Trail
10993,1224,391,81,11/30/2021,8780.25,3 Meadow Vale Road
10994,1860,263,31,10/5/2020,6712.88,164 Grover Circle
10995,1675,159,61,2/5/2020,8625.4,322 Starling Lane
10996,1047,351,18,2/2/2021,5218.75,636 Lien Street
10997,1236,122,54,12/24/2020,510.53,1 Old Shore Alley
10998,1576,308,86,7/17/2021,8842.05,246 Parkside Place
10999,1181,354,88,8/28/2022,6002.26,4 Crest Line Avenue
11000,1100,324,28,1/29/2020,9686.86,3213 Myrtle Street
